Date,Actual_Revenue,LightGBM_Optimized
2024-08-18,1059.02,3787.6659008208503
2024-08-19,15614.12,6801.604093039824
2024-08-20,5055.76,4849.604220655392
2024-08-21,2945.9399999999996,5091.784351404738
2024-08-22,1009.76,4261.045397574909
2024-08-26,3483.6000000000004,6385.183603223177
2024-08-29,1328.77,3827.7650942407195
2024-08-30,6332.780000000001,7221.1820170990295
2024-08-31,1837.98,4880.5825394672
2024-09-03,14762.119999999999,5745.981175825459
2024-09-04,5576.12,6723.301071359036
2024-09-06,2635.83,6569.4030056444235
2024-09-07,756.61,4513.245700912109
2024-09-12,3968.95,4072.0162594755448
2024-09-13,7742.4400000000005,5816.2671412142745
2024-09-14,9611.6,4097.518024587592
2024-09-15,5707.21,5477.16649981296
